{
  "project_info": {
    "project_number": "469210788528",
    "firebase_url": "https://chat-app-2165b.firebaseio.com",
    "project_id": "chat-app-2165b",
    "storage_bucket": "chat-app-2165b.appspot.com"
  },
  "client": [
    {
      "client_info": {
        "mobilesdk_app_id": "1:469210788528:android:f5f4f721f1c618208c4175",
        "android_client_info": {
          "package_name": "com.example.chatapp"
        }
      },
      "oauth_client": [
        {
          "client_id": "469210788528-1ieapfadsa8ctemgm6t5cetig24a9jag.apps.googleusercontent.com",
          "client_type": 1,
          "android_info": {
            "package_name": "com.example.chatapp",
            "certificate_hash": "c993547ad2be8b31468b1bf8e57d1aaaf595a0f7"
          }
        },
        {
          "client_id": "469210788528-p750qesovnishua0bifr8ucnvvf896c5.apps.googleusercontent.com",
          "client_type": 3
        }
      ],
      "api_key": [
        {
          "current_key": "AIzaSyD-g8tWo6QNfVxOzyJmZXbmboo3ggZw8co"
        }
      ],
      "services": {
        "appinvite_service": {
          "other_platform_oauth_client": [
            {
              "client_id": "469210788528-p750qesovnishua0bifr8ucnvvf896c5.apps.googleusercontent.com",
              "client_type": 3
            }
          ]
        }
      }
    }
  ],
  "configuration_version": "1"
}